{"stats":{"minecraft:picked_up":{"minecraft:birch_log":4,"minecraft:oak_log":5},"minecraft:crafted":{"minecraft:birch_planks":8,"minecraft:crafting_table":1,"minecraft:oak_boat":1,"minecraft:oak_planks":20},"minecraft:mined":{"minecraft:birch_log":4,"minecraft:oak_log":5},"minecraft:custom":{"minecraft:time_since_rest":5990,"minecraft:walk_on_water_one_cm":61,"minecraft:sprint_one_cm":10531,"minecraft:play_time":5990,"minecraft:time_since_death":5990,"minecraft:walk_one_cm":3782,"minecraft:total_world_time":5990,"minecraft:walk_under_water_one_cm":240,"minecraft:fall_one_cm":1045,"minecraft:boat_one_cm":25975,"minecraft:interact_with_crafting_table":1,"minecraft:fly_one_cm":14244,"minecraft:jump":51},"minecraft:used":{"minecraft:oak_boat":1,"minecraft:birch_log":2,"minecraft:crafting_table":1}},"DataVersion":3955}